{"items":[2,2,2,2,2,2,2,2,2,2,4,4,4,4,4,4,4,4,4,4,8,8,8,8,8,8,8,8,8,8,16,16,16,16,16,16,16,16,16,16,32,32,32,32,32,32,32,32,32,32,64,64,64,64,64,64,64,64,64,64,128,128,128,128,128,128,128,128,128,128,256,256,256,256,256,256,256,256,256,256,512,512,512,512,512,512,512,512,512,512,1024,1024,1024,1024,1024,1024,1024,1024,1024,1024,2048,2048,2048,2048,2048,2048,2048,2048,2048,2048],"times":[1.216944932937622,1.505946397781372,1.2759461402893066,0.9729745388031006,1.3519444465637207,1.4249918460845947,0.9259350299835205,0.6509859561920166,1.4689452648162842,1.2909455299377441,1.831700325012207,0.6260411739349365,1.4876949787139893,1.265787124633789,1.3457856178283691,1.1287415027618408,1.0887985229492188,1.2017414569854736,1.4882895946502686,1.5942785739898682,1.2124853134155273,1.992300033569336,0.8535280227661133,0.7075941562652588,2.370884418487549,1.9372951984405518,1.566206932067871,0.9906315803527832,3.168935537338257,0.7181313037872314,0.8383183479309082,1.323676586151123,0.9456653594970703,1.8590843677520752,0.8896191120147705,0.9730825424194336,1.568467378616333,2.0654664039611816,1.2404251098632812,0.9464764595031738,1.4234461784362793,1.8694226741790771,1.2217910289764404,1.3017792701721191,3.626147508621216,1.0909905433654785,1.710341453552246,1.3847453594207764,1.0797028541564941,2.4711594581604004,1.5654480457305908,2.4371626377105713,2.219160318374634,2.4342005252838135,2.1191248893737793,2.176506519317627,2.4532151222229004,4.7563581466674805,3.453387498855591,2.494675397872925,5.616417407989502,5.068376302719116,2.645678758621216,5.633332252502441,5.321333885192871,6.482788562774658,4.8986194133758545,4.1957409381866455,6.260645389556885,3.5756962299346924,5.93113112449646,6.2806077003479,13.95892882347107,8.59641718864441,11.487926721572876,11.237972259521484,13.778972864151001,13.306973218917847,7.662002086639404,10.273059844970703,12.414766311645508,16.31372308731079,16.787435293197632,13.389870166778564,22.576805591583252,13.117804050445557,19.170759439468384,16.512808322906494,20.09780192375183,16.195844411849976,0,0,0,0,0,0,0,0,0,0,0,0,0,0,0,0,0,0,0,0]}